1,效果,一般,功效,中性
2,遮瑕,不是很好,功效,负面
3,_,挺好的,整体,正面
4,_,还不错,整体,正面
5,_,还不错,整体,正面
5,_,很喜欢,整体,正面
6,快递,很快,物流,正面
7,效果,不错,功效,正面
7,_,很贴合肤色,使用体验,正面
8,_,还不错,整体,正面
9,_,很喜欢,整体,正面
9,_,好评,整体,正面
10,_,喜欢,整体,正面
11,_,还行,整体,正面
12,_,很舒适,使用体验,正面
12,_,非常细腻,使用体验,正面
13,_,还可以,整体,正面
14,_,挺好,使用体验,正面
15,_,还行,整体,正面
16,_,很好用,使用体验,正面
17,效果,好,功效,正面
18,_,特别好,整体,正面
18,_,特别喜欢,整体,正面
19,_,不是很好用,使用体验,负面
19,_,有点卡粉,使用体验,负面
20,_,还可以,整体,正面
21,价格,实惠,价格,正面
21,_,好用,使用体验,正面
21,_,不油腻,使用体验,正面
22,_,还挺满意的,整体,正面
23,_,很水润服帖,使用体验,正面
23,_,不错,整体,正面
24,_,还可以,整体,正面
25,包装,好,包装,正面
25,物流,快,物流,正面
25,物流,给力,物流,正面
26,_,湿润自然,使用体验,正面
26,_,很好,整体,正面
27,_,香香的,气味,正面
27,_,很润,使用体验,正面
27,_,挺好,整体,正面
28,送货速度,快,物流,正面
28,包装,很好,包装,正面
29,_,挺好用的,使用体验,正面
30,遮瑕,还好,功效,正面
30,_,太干,使用体验,负面
31,_,好用,使用体验,正面
32,_,很好,整体,正面
32,_,超值,价格,正面
32,_,很好用,使用体验,正面
33,_,挺好用,使用体验,正面
33,_,很轻薄,使用体验,正面
34,_,应该不错,整体,正面
35,_,很好用,使用体验,正面
36,_,不错,整体,正面
37,效果,好,功效,正面
37,_,太棒了,整体,正面
38,_,很喜欢,整体,正面
39,_,不错,整体,正面
39,_,很自然,整体,正面
40,气味,重,气味,负面
40,气味,不好闻,气味,负面
40,持久度,不好,使用体验,负面
41,_,喜欢,整体,正面
42,_,不错,整体,正面
42,_,挺细腻的,使用体验,正面
43,_,很好,整体,正面
44,_,不错,整体,正面
44,_,好评,整体,正面
45,_,挺好用的,使用体验,正面
46,_,还可以,整体,正面
47,_,还可以,整体,正面
48,_,不错,整体,正面
48,_,细腻自然,使用体验,正面
49,_,挺好的,整体,正面
50,_,还不错,整体,正面
50,_,挺喜欢的,整体,正面
51,_,喜欢,整体,正面
51,_,很划算,价格,正面
52,_,不错,整体,正面
52,_,用的很好,使用体验,正面
53,_,可以,整体,正面
53,_,美美哒,整体,正面
54,_,很好用,使用体验,正面
55,_,好用,使用体验,正面
55,_,很服帖,使用体验,正面
56,_,挺好的,整体,正面
57,_,不好用,使用体验,负面
58,_,非常好,整体,正面
59,快递,杠杠滴,物流,正面
60,_,不错,整体,正面
60,_,很好用,使用体验,正面
61,_,很满意,整体,正面
62,_,好用,使用体验,正面
63,遮瑕,不是太好,功效,负面
64,快递,很速度,物流,正面
65,效果,没有提亮肤色,功效,负面
65,_,还可以,整体,正面
65,_,有点干,使用体验,负面
65,_,有点暗淡,使用体验,负面
66,_,体验不错,使用体验,正面
67,_,一般,整体,中性
67,_,有点卡粉,使用体验,负面
68,_,还行吧,整体,中性
69,_,很滋润,使用体验,正面
69,_,不脱妆,使用体验,正面
69,_,挺好用的,使用体验,正面
70,_,好用,使用体验,正面
70,_,不错,整体,正面
71,味道,很好闻,气味,正面
72,_,确实不错,整体,正面
73,粉质,很细腻,使用体验,正面
74,_,还好,整体,正面
75,_,服帖,使用体验,正面
76,_,服帖,使用体验,正面
77,_,可以,整体,正面
78,_,太差,整体,负面
78,_,卡粉,使用体验,负面
79,_,一般,使用体验,中性
80,颜色,不自然,功效,负面
80,颜色,有点假白,使用体验,负面
80,定妆,不持久,使用体验,负面
81,价格,实惠,价格,正面
82,浮粉,比较厉害,使用体验,负面
83,粉质,不是很好,使用体验,负面
84,脱妆,严重,使用体验,负面
84,_,不服帖,使用体验,负面
84,_,假白,功效,负面
85,_,一般,整体,中性
86,_,不怎么好用,使用体验,负面
86,_,不好,整体,负面
87,_,物美价廉,价格,正面
88,_,不怎么样,整体,负面
88,_,不怎么白,功效,负面
88,_,有点掉妆,使用体验,负面
89,遮暇,一般,功效,中性
89,_,较自然,功效,正面
89,_,不错,整体,正面
90,遮暇效果,一般般,功效,中性
91,_,还可以,整体,正面
91,_,挺自然,使用体验,正面
91,_,少了点,其他,负面
92,_,一般,整体,中性
93,_,有点干,使用体验,负面
94,_,很干,使用体验,负面
94,_,不好用,使用体验,负面
95,效果,没有提亮肤色,功效,负面
95,_,不好用,使用体验,负面
96,浮粉,严重,使用体验,负面
96,颜色,太白,功效,负面
96,_,显毛孔,使用体验,负面
97,_,卡粉,使用体验,负面
97,_,不自然,功效,负面
98,效果,一般,使用体验,中性
98,_,不保湿,使用体验,负面
99,_,一般般,整体,中性
99,_,有点少,使用体验,负面
99,_,很干,使用体验,负面
100,_,不好用,使用体验,负面
100,_,骗人的,其他,负面
